[
    {
        "folder": "195",
        "dict_docs": [
            {
                "name": "20250602103930696.pdf",
                "tag": "DOCUMENT DEL PROCEDIMENT",
                "subtag": "CERTIFICAT D'ASSEGURAMENT"
            },
            {
                "name": "20250602103939095.pdf",
                "tag": "DOCUMENT DEL PROCEDIMENT",
                "subtag": "FITXA DEL METGE"
            },
            {
                "name": "CONSENTIMENT.pdf",
                "tag": "DOCUMENT MÈDIC",
                "subtag": "DCI"
            },
            {
                "name": "HC.pdf",
                "tag": "DOCUMENT MÈDIC",
                "subtag": " HISTÒRIA CLÍNICA"
            },
            {
                "name": "RECLAMACIO.pdf",
                "tag": "DOCUMENT DEL PROCEDIMENT",
                "subtag": "ESCRIT DE RECLAMACIÓ"
            },
            {
                "name": "SOCIETAT.pdf",
                "tag": "DOCUMENT DEL PROCEDIMENT",
                "subtag": "ALTRE"
            }
        ]
    },
    {
        "folder": "196",
        "dict_docs": [
            {
                "name": "DR ELIAS.pdf",
                "tag": "DOCUMENT DEL PROCEDIMENT",
                "subtag": "CERTIFICAT D'ASSEGURAMENT"
            },
            {
                "name": "DR INFO.pdf",
                "tag": "DOCUMENT DEL PROCEDIMENT",
                "subtag": "FITXA DEL METGE"
            },
            {
                "name": "RECLAMACIO.pdf",
                "tag": "DOCUMENT DEL PROCEDIMENT",
                "subtag": "ESCRIT DE RECLAMACIÓ"
            }
        ]
    },
    {
        "folder": "197",
        "dict_docs": [
            {
                "name": "20250529173828168.pdf",
                "tag": "DOCUMENT DEL PROCEDIMENT",
                "subtag": "CERTIFICAT D'ASSEGURAMENT"
            },
            {
                "name": "20250529173839716.pdf",
                "tag": "DOCUMENT DEL PROCEDIMENT",
                "subtag": "FITXA DEL METGE"
            },
            {
                "name": "DCIS.pdf",
                "tag": "DOCUMENT MÈDIC",
                "subtag": "DCI"
            },
            {
                "name": "EMPLACAMENT-DEMANDA.pdf",
                "tag": "DOCUMENT DEL PROCEDIMENT",
                "subtag": "DEMANDA"
            }
        ]
    },
    {
        "folder": "198",
        "dict_docs": [
            {
                "name": "20250529163001957.pdf",
                "tag": "DOCUMENT DEL PROCEDIMENT",
                "subtag": "CERTIFICAT D'ASSEGURAMENT"
            },
            {
                "name": "20250529163010536.pdf",
                "tag": "DOCUMENT DEL PROCEDIMENT",
                "subtag": "FITXA DEL METGE"
            },
            {
                "name": "DEMANDA-HC.pdf",
                "tag": "DOCUMENT DEL PROCEDIMENT",
                "subtag": "DEMANDA"
            },
            {
                "name": "EMAILS.pdf",
                "tag": "EMAIL",
                "subtag": "INFORMACIÓ"
            },
            {
                "name": "INFORMA.pdf",
                "tag": "DOCUMENT DEL PROCEDIMENT",
                "subtag": "ESCRIT DE RECLAMACIÓ"
            }
        ]
    },
    {
        "folder": "199",
        "dict_docs": [
            {
                "name": "20250529132605024.pdf",
                "tag": "DOCUMENT DEL PROCEDIMENT",
                "subtag": "CERTIFICAT D'ASSEGURAMENT"
            },
            {
                "name": "20250529132615271.pdf",
                "tag": "DOCUMENT DEL PROCEDIMENT",
                "subtag": "FITXA DEL METGE"
            },
            {
                "name": "ADJ.pdf",
                "tag": "DOCUMENT ADJUNT",
                "subtag": "ALTRE"
            },
            {
                "name": "EMPLACAMENT-DEMANDA.pdf",
                "tag": "DOCUMENT DEL PROCEDIMENT",
                "subtag": "DEMANDA"
            }
        ]
    },
    {
        "folder": "200",
        "dict_docs": [
            {
                "name": "20250526134654966.pdf",
                "tag": "DOCUMENT DEL PROCEDIMENT",
                "subtag": "CERTIFICAT D'ASSEGURAMENT"
            },
            {
                "name": "20250526134814305.pdf",
                "tag": "DOCUMENT DEL PROCEDIMENT",
                "subtag": "FITXA DEL METGE"
            },
            {
                "name": "20250526134835375.pdf",
                "tag": "DOCUMENT DEL PROCEDIMENT",
                "subtag": "CERTIFICAT D'ASSEGURAMENT"
            },
            {
                "name": "20250526134853315.pdf",
                "tag": "DOCUMENT DEL PROCEDIMENT",
                "subtag": "FITXA DEL METGE"
            },
            {
                "name": "AUTO.pdf",
                "tag": "DOCUMENT DEL PROCEDIMENT",
                "subtag": "ALTRE"
            },
            {
                "name": "DEMANDA.pdf",
                "tag": "DOCUMENT DEL PROCEDIMENT",
                "subtag": "DEMANDA"
            },
            {
                "name": "DOCS_ADICIONALS.pdf",
                "tag": "DOCUMENT ADJUNT",
                "subtag": "ALTRE"
            },
            {
                "name": "EMPLACAMENT.pdf",
                "tag": "DOCUMENT DEL PROCEDIMENT",
                "subtag": "EMPLAÇAMENT"
            }
        ]
    },
    {
        "folder": "201",
        "dict_docs": [
            {
                "name": "20250529122116331.pdf",
                "tag": "DOCUMENT DEL PROCEDIMENT",
                "subtag": "CERTIFICAT D'ASSEGURAMENT"
            },
            {
                "name": "20250529122134691.pdf",
                "tag": "DOCUMENT DEL PROCEDIMENT",
                "subtag": "FITXA DEL METGE"
            },
            {
                "name": "ADJ.pdf",
                "tag": "DOCUMENT ADJUNT",
                "subtag": "ALTRE"
            },
            {
                "name": "DCIS.pdf",
                "tag": "DOCUMENT MÈDIC",
                "subtag": "DCI"
            },
            {
                "name": "DEMANDA.pdf",
                "tag": "DOCUMENT DEL PROCEDIMENT",
                "subtag": "DEMANDA"
            },
            {
                "name": "EMPLACAMENT.pdf",
                "tag": "DOCUMENT DEL PROCEDIMENT",
                "subtag": "EMPLAÇAMENT"
            },
            {
                "name": "FACTURES.pdf",
                "tag": "DOCUMENT ADJUNT",
                "subtag": "ALTRES"
            },
            {
                "name": "FITXA SOC - POLISSA CANCEL.LADA.PDF",
                "tag": "DOCUMENT ADJUNT",
                "subtag": "ALTRES"
            },
            {
                "name": "HC.pdf",
                "tag": "DOCUMENT MÈDIC",
                "subtag": " HISTÒRIA CLÍNICA"
            }
        ]
    }
]