filepath,primary_correct,secondary_correct
c:\Users\Sophie\Final deliverables\documents_simulated\claim_medical_malpractice.pdf,Legal/Procedure,Claim
c:\Users\Sophie\Final deliverables\documents_simulated\diagnostic_clinic_inicial.pdf,Medical,Medical History
c:\Users\Sophie\Final deliverables\documents_simulated\doctor_file.pdf,Legal/Procedure,Doctor's file
c:\Users\Sophie\Final deliverables\documents_simulated\doctor_report.pdf,Medical,Medical History
c:\Users\Sophie\Final deliverables\documents_simulated\email_legal.pdf,Email,Legal/Procedure
c:\Users\Sophie\Final deliverables\documents_simulated\HISTORIAL_MÈDIC.pdf,Medical,Medical History
c:\Users\Sophie\Final deliverables\documents_simulated\PublicWaterMassMailing.pdf,Attachment,Other
c:\Users\Sophie\Capstone_CM\Test Documents\General surgery Ana Garcia Lopez\Claim details.pdf,Legal/Procedure,Claim
c:\Users\Sophie\Capstone_CM\Test Documents\General surgery Ana Garcia Lopez\Defense Strategy email.pdf,Email,Legal/Procedure
c:\Users\Sophie\Capstone_CM\Test Documents\General surgery Ana Garcia Lopez\Doctor Information.pdf,Legal/Procedure,Doctor's file
c:\Users\Sophie\Capstone_CM\Test Documents\General surgery Ana Garcia Lopez\Hospital and Clinical Data.pdf,?,?
c:\Users\Sophie\Capstone_CM\Test Documents\General surgery Ana Garcia Lopez\Medical Malpractice Claim Report.pdf,Legal/Procedure,Claim
c:\Users\Sophie\Capstone_CM\Test Documents\General surgery Jordi Benet\Claim details.pdf,Legal/Procedure,Claim
c:\Users\Sophie\Capstone_CM\Test Documents\General surgery Jordi Benet\Defense strategy for the current malpractice case.pdf,Email,Legal/Procedure
c:\Users\Sophie\Capstone_CM\Test Documents\General surgery Jordi Benet\Doctor Information.pdf,Legal/Procedure,Doctor's file
c:\Users\Sophie\Capstone_CM\Test Documents\General surgery Jordi Benet\Hospital and Clinical Data.pdf,Medical,Other
c:\Users\Sophie\Capstone_CM\Test Documents\General surgery Jordi Benet\Medical Malpractice Claim Report.pdf,Legal/Procedure,Claim
c:\Users\Sophie\Capstone_CM\Test Documents\Gynecology Anna Maria Fortuny Pla\Doctor Information.pdf,Legal/Procedure,Doctor's file
c:\Users\Sophie\Capstone_CM\Test Documents\Gynecology Anna Maria Fortuny Pla\Hospital and Clinical Data.pdf,Medical,Other
c:\Users\Sophie\Capstone_CM\Test Documents\Gynecology Anna Maria Fortuny Pla\Lawyer email.pdf,Email,Legal/Procedure
c:\Users\Sophie\Capstone_CM\Test Documents\Gynecology Anna Maria Fortuny Pla\Medical Malpractice Claim Report.pdf,Legal/Procedure,Claim
c:\Users\Sophie\Capstone_CM\Test Documents\Gynecology Anna Maria Fortuny Pla\medical_malpractice_case.pdf,Legal/Procedure,Claim
c:\Users\Sophie\Capstone_CM\Test Documents\Gynecology Ariadna Sabadell Ruiz\case_report.pdf,Legal/Procedure,Claim
c:\Users\Sophie\Capstone_CM\Test Documents\Gynecology Ariadna Sabadell Ruiz\doctor_information.pdf,Legal/Procedure,Doctor's file
c:\Users\Sophie\Capstone_CM\Test Documents\Gynecology Ariadna Sabadell Ruiz\Email for Legal Defense strategy.pdf,Email,Legal/Procedure
c:\Users\Sophie\Capstone_CM\Test Documents\Gynecology Ariadna Sabadell Ruiz\hospital_clinical_data.pdf,?,?
c:\Users\Sophie\Capstone_CM\Test Documents\Gynecology Ariadna Sabadell Ruiz\Legal Defense Strategy.pdf,Legal/Procedure,Other
c:\Users\Sophie\Capstone_CM\Test Documents\Gynecology Ariadna Sabadell Ruiz\medical_malpractice_case.pdf,Legal/Procedure,Claim
c:\Users\Sophie\Capstone_CM\Test Documents\Gynecology Julia Pujol\Claim details.pdf,Legal/Procedure,Claim
c:\Users\Sophie\Capstone_CM\Test Documents\Gynecology Julia Pujol\Defense Strategy email.pdf,Email,Legal/Procedure
c:\Users\Sophie\Capstone_CM\Test Documents\Gynecology Julia Pujol\Doctor Information.pdf,Legal/Procedure,Doctor's file
c:\Users\Sophie\Capstone_CM\Test Documents\Gynecology Julia Pujol\Hospital and Clinical Data.pdf,Medical,Other
c:\Users\Sophie\Capstone_CM\Test Documents\Gynecology Julia Pujol\Medical Malpractice Claim Report.pdf,Legal/Procedure,Claim
c:\Users\Sophie\Capstone_CM\Test Documents\Internal medicine Elionor Vargas\Claim Details.pdf,Legal/Procedure,Claim
c:\Users\Sophie\Capstone_CM\Test Documents\Internal medicine Elionor Vargas\Defense strategy for the current malpractice case.pdf,Email,Legal/Procedure
c:\Users\Sophie\Capstone_CM\Test Documents\Internal medicine Elionor Vargas\Doctor Information .pdf,Legal/Procedure,Doctor's file
c:\Users\Sophie\Capstone_CM\Test Documents\Internal medicine Elionor Vargas\Hospital and Clinical Data .pdf,Medical,Other
c:\Users\Sophie\Capstone_CM\Test Documents\Internal medicine Elionor Vargas\Medical Malpractice Claim Report.pdf,Legal/Procedure,Claim
c:\Users\Sophie\Capstone_CM\Test Documents\Obstetrics and Gynecology Christina Verni\Claim details.pdf,Legal/Procedure,Claim
c:\Users\Sophie\Capstone_CM\Test Documents\Obstetrics and Gynecology Christina Verni\Defense strategy for the current malpractice case.pdf,Email,Legal/Procedure
c:\Users\Sophie\Capstone_CM\Test Documents\Obstetrics and Gynecology Christina Verni\Doctor Information.pdf,Legal/Procedure,Doctor's file
c:\Users\Sophie\Capstone_CM\Test Documents\Obstetrics and Gynecology Christina Verni\Hospital and Clinical Data .pdf,Medical,Other
c:\Users\Sophie\Capstone_CM\Test Documents\Obstetrics and Gynecology Christina Verni\Medical Malpractice Claim Report.pdf,Legal/Procedure,Claim
c:\Users\Sophie\Capstone_CM\Test Documents\Orthopedic surgery Guim Gasol\Claim details.pdf,Legal/Procedure,Claim
c:\Users\Sophie\Capstone_CM\Test Documents\Orthopedic surgery Guim Gasol\Defense strategy for the current malpractice case.pdf,Email,Legal/Procedure
c:\Users\Sophie\Capstone_CM\Test Documents\Orthopedic surgery Guim Gasol\Doctor Information .pdf,Legal/Procedure,Doctor's file
c:\Users\Sophie\Capstone_CM\Test Documents\Orthopedic surgery Guim Gasol\Hospital and Clinical Data .pdf,Medical,Other
c:\Users\Sophie\Capstone_CM\Test Documents\Orthopedic surgery Guim Gasol\Medical Malpractice Claim Report.pdf,Legal/Procedure,Claim
c:\Users\Sophie\Capstone_CM\Test Documents\Plastic surgery Rosa Romans\Claim details.pdf,Legal/Procedure,Claim
c:\Users\Sophie\Capstone_CM\Test Documents\Plastic surgery Rosa Romans\Defense strategy for the current malpractice case.pdf,Email,Legal/Procedure
c:\Users\Sophie\Capstone_CM\Test Documents\Plastic surgery Rosa Romans\Doctor Information.pdf,Legal/Procedure,Doctor's file
c:\Users\Sophie\Capstone_CM\Test Documents\Plastic surgery Rosa Romans\Hospital and Clinical Data.pdf,Medical,Other
c:\Users\Sophie\Capstone_CM\Test Documents\Plastic surgery Rosa Romans\Medical Malpractice Claim Report.pdf,Legal/Procedure,Claim
c:\Users\Sophie\Capstone_CM\Test Documents\Urology Luis Puig Romagosa\Doctor Information.pdf,Legal/Procedure,Doctor's file
c:\Users\Sophie\Capstone_CM\Test Documents\Urology Luis Puig Romagosa\Hospital and Clinical Data.pdf,Medical,Other
c:\Users\Sophie\Capstone_CM\Test Documents\Urology Luis Puig Romagosa\Informe del Gestor de Reclamacions - Testicular3.pdf,?,?
c:\Users\Sophie\Capstone_CM\Test Documents\Urology Luis Puig Romagosa\Medical Malpractice Claim Report.pdf,Legal/Procedure,Claim