filepath,primary_tag,secondary_tag
c:\Users\Sophie\Final deliverables\documents_simulated\claim_medical_malpractice.pdf,Legal/Procedure,Claim
c:\Users\Sophie\Final deliverables\documents_simulated\diagnostic_clinic_inicial.pdf,Medical,Medical History
c:\Users\Sophie\Final deliverables\documents_simulated\doctor_file.pdf,Legal/Procedure,Doctor's file
c:\Users\Sophie\Final deliverables\documents_simulated\doctor_report.pdf,Medical,Medical History
c:\Users\Sophie\Final deliverables\documents_simulated\email_legal.pdf,Legal/Procedure,Complaint
c:\Users\Sophie\Final deliverables\documents_simulated\HISTORIAL_MÈDIC.pdf,Medical,Medical History
c:\Users\Sophie\Final deliverables\documents_simulated\PublicWaterMassMailing.pdf,Medical,Other
c:\Users\Sophie\Capstone_CM\Test Documents\General surgery Ana Garcia Lopez\Claim details.pdf,Legal/Procedure,Claim
c:\Users\Sophie\Capstone_CM\Test Documents\General surgery Ana Garcia Lopez\Defense Strategy email.pdf,Legal/Procedure,Claim
c:\Users\Sophie\Capstone_CM\Test Documents\General surgery Ana Garcia Lopez\Doctor Information.pdf,Medical,Other
c:\Users\Sophie\Capstone_CM\Test Documents\General surgery Ana Garcia Lopez\Hospital and Clinical Data.pdf,Medical,Medical History
c:\Users\Sophie\Capstone_CM\Test Documents\General surgery Ana Garcia Lopez\Medical Malpractice Claim Report.pdf,Legal/Procedure,Claim
c:\Users\Sophie\Capstone_CM\Test Documents\General surgery Jordi Benet\Claim details.pdf,Legal/Procedure,Claim
c:\Users\Sophie\Capstone_CM\Test Documents\General surgery Jordi Benet\Defense strategy for the current malpractice case.pdf,Email,Legal
c:\Users\Sophie\Capstone_CM\Test Documents\General surgery Jordi Benet\Doctor Information.pdf,Medical,Other
c:\Users\Sophie\Capstone_CM\Test Documents\General surgery Jordi Benet\Hospital and Clinical Data.pdf,Medical,Other
c:\Users\Sophie\Capstone_CM\Test Documents\General surgery Jordi Benet\Medical Malpractice Claim Report.pdf,Legal/Procedure,Claim
c:\Users\Sophie\Capstone_CM\Test Documents\Gynecology Anna Maria Fortuny Pla\Doctor Information.pdf,Medical,Other
c:\Users\Sophie\Capstone_CM\Test Documents\Gynecology Anna Maria Fortuny Pla\Hospital and Clinical Data.pdf,Medical,Other
c:\Users\Sophie\Capstone_CM\Test Documents\Gynecology Anna Maria Fortuny Pla\Lawyer email.pdf,Email,Legal
c:\Users\Sophie\Capstone_CM\Test Documents\Gynecology Anna Maria Fortuny Pla\Medical Malpractice Claim Report.pdf,Legal/Procedure,Claim
c:\Users\Sophie\Capstone_CM\Test Documents\Gynecology Anna Maria Fortuny Pla\medical_malpractice_case.pdf,Legal/Procedure,Claim
c:\Users\Sophie\Capstone_CM\Test Documents\Gynecology Ariadna Sabadell Ruiz\case_report.pdf,Legal/Procedure,Claim
c:\Users\Sophie\Capstone_CM\Test Documents\Gynecology Ariadna Sabadell Ruiz\doctor_information.pdf,Attachment,Other
c:\Users\Sophie\Capstone_CM\Test Documents\Gynecology Ariadna Sabadell Ruiz\Email for Legal Defense strategy.pdf,Email,Legal
c:\Users\Sophie\Capstone_CM\Test Documents\Gynecology Ariadna Sabadell Ruiz\hospital_clinical_data.pdf,Medical,Medical History
c:\Users\Sophie\Capstone_CM\Test Documents\Gynecology Ariadna Sabadell Ruiz\Legal Defense Strategy.pdf,Legal/Procedure,Other
c:\Users\Sophie\Capstone_CM\Test Documents\Gynecology Ariadna Sabadell Ruiz\medical_malpractice_case.pdf,Legal/Procedure,Claim
c:\Users\Sophie\Capstone_CM\Test Documents\Gynecology Julia Pujol\Claim details.pdf,Legal/Procedure,Claim
c:\Users\Sophie\Capstone_CM\Test Documents\Gynecology Julia Pujol\Defense Strategy email.pdf,Email,Legal
c:\Users\Sophie\Capstone_CM\Test Documents\Gynecology Julia Pujol\Doctor Information.pdf,Medical,Other
c:\Users\Sophie\Capstone_CM\Test Documents\Gynecology Julia Pujol\Hospital and Clinical Data.pdf,Medical,Other
c:\Users\Sophie\Capstone_CM\Test Documents\Gynecology Julia Pujol\Medical Malpractice Claim Report.pdf,Legal/Procedure,Claim
c:\Users\Sophie\Capstone_CM\Test Documents\Internal medicine Elionor Vargas\Claim Details.pdf,Legal/Procedure,Claim
c:\Users\Sophie\Capstone_CM\Test Documents\Internal medicine Elionor Vargas\Defense strategy for the current malpractice case.pdf,Email,Legal
c:\Users\Sophie\Capstone_CM\Test Documents\Internal medicine Elionor Vargas\Doctor Information .pdf,Medical,Other
c:\Users\Sophie\Capstone_CM\Test Documents\Internal medicine Elionor Vargas\Hospital and Clinical Data .pdf,Medical,Medical History
c:\Users\Sophie\Capstone_CM\Test Documents\Internal medicine Elionor Vargas\Medical Malpractice Claim Report.pdf,Legal/Procedure,Claim
c:\Users\Sophie\Capstone_CM\Test Documents\Obstetrics and Gynecology Christina Verni\Claim details.pdf,Legal/Procedure,Claim
c:\Users\Sophie\Capstone_CM\Test Documents\Obstetrics and Gynecology Christina Verni\Defense strategy for the current malpractice case.pdf,Email,Legal
c:\Users\Sophie\Capstone_CM\Test Documents\Obstetrics and Gynecology Christina Verni\Doctor Information.pdf,Medical,Other
c:\Users\Sophie\Capstone_CM\Test Documents\Obstetrics and Gynecology Christina Verni\Hospital and Clinical Data .pdf,Medical,Other
c:\Users\Sophie\Capstone_CM\Test Documents\Obstetrics and Gynecology Christina Verni\Medical Malpractice Claim Report.pdf,Legal/Procedure,Claim
c:\Users\Sophie\Capstone_CM\Test Documents\Orthopedic surgery Guim Gasol\Claim details.pdf,Legal/Procedure,Claim
c:\Users\Sophie\Capstone_CM\Test Documents\Orthopedic surgery Guim Gasol\Defense strategy for the current malpractice case.pdf,Email,Legal
c:\Users\Sophie\Capstone_CM\Test Documents\Orthopedic surgery Guim Gasol\Doctor Information .pdf,Medical,Other
c:\Users\Sophie\Capstone_CM\Test Documents\Orthopedic surgery Guim Gasol\Hospital and Clinical Data .pdf,Medical,Other
c:\Users\Sophie\Capstone_CM\Test Documents\Orthopedic surgery Guim Gasol\Medical Malpractice Claim Report.pdf,Legal/Procedure,Claim
c:\Users\Sophie\Capstone_CM\Test Documents\Plastic surgery Rosa Romans\Claim details.pdf,Legal/Procedure,Claim
c:\Users\Sophie\Capstone_CM\Test Documents\Plastic surgery Rosa Romans\Defense strategy for the current malpractice case.pdf,Legal/Procedure,Complaint
c:\Users\Sophie\Capstone_CM\Test Documents\Plastic surgery Rosa Romans\Doctor Information.pdf,Medical,Other
c:\Users\Sophie\Capstone_CM\Test Documents\Plastic surgery Rosa Romans\Hospital and Clinical Data.pdf,Medical,Other
c:\Users\Sophie\Capstone_CM\Test Documents\Plastic surgery Rosa Romans\Medical Malpractice Claim Report.pdf,Legal/Procedure,Claim
c:\Users\Sophie\Capstone_CM\Test Documents\Urology Luis Puig Romagosa\Doctor Information.pdf,Medical,Other
c:\Users\Sophie\Capstone_CM\Test Documents\Urology Luis Puig Romagosa\Hospital and Clinical Data.pdf,Medical,Medical History
c:\Users\Sophie\Capstone_CM\Test Documents\Urology Luis Puig Romagosa\Informe del Gestor de Reclamacions - Testicular3.pdf,Legal/Procedure,Claim
c:\Users\Sophie\Capstone_CM\Test Documents\Urology Luis Puig Romagosa\Medical Malpractice Claim Report.pdf,Legal/Procedure,Claim
c:\Users\Sophie\Final deliverables\documents_anonymized\195\20250602103930696.pdf,Medical,Other
c:\Users\Sophie\Final deliverables\documents_anonymized\195\20250602103939095.pdf,Medical,Other
c:\Users\Sophie\Final deliverables\documents_anonymized\195\CONSENTIMENT.pdf,Medical,Other
c:\Users\Sophie\Final deliverables\documents_anonymized\195\HC.pdf,Medical,Other
c:\Users\Sophie\Final deliverables\documents_anonymized\195\RECLAMACIO.pdf,Medical,Other
c:\Users\Sophie\Final deliverables\documents_anonymized\195\SOCIETAT.pdf,Medical,Other
c:\Users\Sophie\Final deliverables\documents_anonymized\196\DR ELIAS.pdf,Medical,Other
c:\Users\Sophie\Final deliverables\documents_anonymized\196\DR INFO.pdf,Medical,Other
c:\Users\Sophie\Final deliverables\documents_anonymized\196\RECLAMACIÓ.pdf,Medical,Other
c:\Users\Sophie\Final deliverables\documents_anonymized\197\20250529173828168.pdf,Medical,Other
c:\Users\Sophie\Final deliverables\documents_anonymized\197\20250529173839716.pdf,Medical,Other
c:\Users\Sophie\Final deliverables\documents_anonymized\197\DCIS.pdf,Medical,Other
c:\Users\Sophie\Final deliverables\documents_anonymized\197\EMPLAÇAMENT-DEMANDA.pdf,Medical,Other
c:\Users\Sophie\Final deliverables\documents_anonymized\198\20250529163001957.pdf,Medical,Other
c:\Users\Sophie\Final deliverables\documents_anonymized\198\20250529163010536.pdf,Medical,Other
c:\Users\Sophie\Final deliverables\documents_anonymized\198\DEMANDA-HC.pdf,Medical,Other
c:\Users\Sophie\Final deliverables\documents_anonymized\198\EMAILS.pdf,Medical,Other
c:\Users\Sophie\Final deliverables\documents_anonymized\198\INFORMA.pdf,Medical,Other
c:\Users\Sophie\Final deliverables\documents_anonymized\199\20250529132605024.pdf,Medical,Other
c:\Users\Sophie\Final deliverables\documents_anonymized\199\20250529132615271.pdf,Medical,Other
c:\Users\Sophie\Final deliverables\documents_anonymized\199\ADJ.pdf,Medical,Other
c:\Users\Sophie\Final deliverables\documents_anonymized\199\EMPLAÇAMENT-DEMANDA.pdf,Medical,Other
c:\Users\Sophie\Final deliverables\documents_anonymized\200\20250526134654966.pdf,Medical,Other
c:\Users\Sophie\Final deliverables\documents_anonymized\200\20250526134814305.pdf,Attachment,Other
c:\Users\Sophie\Final deliverables\documents_anonymized\200\20250526134835375.pdf,Medical,Other
c:\Users\Sophie\Final deliverables\documents_anonymized\200\20250526134853315.pdf,Medical,Other
c:\Users\Sophie\Final deliverables\documents_anonymized\200\AUTO.pdf,Medical,Other
c:\Users\Sophie\Final deliverables\documents_anonymized\200\DEMANDA.pdf,Attachment,Other
c:\Users\Sophie\Final deliverables\documents_anonymized\200\DOCS_ADICIONALS.pdf,Medical,Other
c:\Users\Sophie\Final deliverables\documents_anonymized\200\EMPLAÇAMENT.pdf,Medical,Other
c:\Users\Sophie\Final deliverables\documents_anonymized\201\20250529122116331.pdf,Medical,Other
c:\Users\Sophie\Final deliverables\documents_anonymized\201\20250529122134691.pdf,Medical,Other
c:\Users\Sophie\Final deliverables\documents_anonymized\201\ADJ.pdf,Medical,Other
c:\Users\Sophie\Final deliverables\documents_anonymized\201\DCIS.pdf,Medical,Other
c:\Users\Sophie\Final deliverables\documents_anonymized\201\DEMANDA.pdf,Medical,Other
c:\Users\Sophie\Final deliverables\documents_anonymized\201\EMPLAÇAMENT.pdf,Medical,Other
c:\Users\Sophie\Final deliverables\documents_anonymized\201\FACTURES.pdf,Medical,Other
c:\Users\Sophie\Final deliverables\documents_anonymized\201\FITXA SOC - PÒLISSA CANCEL.LADA.PDF,Attachment,Other
c:\Users\Sophie\Final deliverables\documents_anonymized\201\HC.pdf,Medical,Other
